{"cameraMode":{"drawMode":0,"name":"Shaded","section":"Shading Mode"},"sceneLighting":true,"audioPlay":false,"sceneViewState":{"showFog":true,"showMaterialUpdate":true,"showSkybox":true,"showFlares":true,"showImageEffects":true,"showParticleSystems":true},"in2DMode":false,"pivot":{"x":481.45989990234377,"y":-71.81604766845703,"z":697.2266845703125},"rotation":{"x":-0.21209374070167542,"y":-0.14972622692584992,"z":0.0328977033495903,"w":-0.9651609659194946},"size":266.4488220214844,"orthographic":false}