{"cameraMode":{"drawMode":0,"name":"Shaded","section":"Shading Mode"},"sceneLighting":true,"audioPlay":false,"sceneViewState":{"showFog":true,"showMaterialUpdate":false,"showSkybox":true,"showFlares":true,"showImageEffects":true,"showParticleSystems":true},"in2DMode":false,"pivot":{"x":-1.9883804321289063,"y":0.4076352119445801,"z":2.5350239276885988},"rotation":{"x":-0.11127957701683045,"y":0.8232423663139343,"z":-0.17315369844436646,"w":-0.5290661454200745},"size":10.0,"orthographic":true}